{"flutter":{"platforms":{"android":{"default":{"projectId":"babylon-89d49","appId":"1:491485213731:android:070a350de513992c5ead96","fileOutput":"android/app/google-services.json"}},"ios":{"default":{"projectId":"babylon-89d49","appId":"1:491485213731:ios:dd9a3ce32ae1fb155ead96","uploadDebugSymbols":false,"fileOutput":"ios/Runner/GoogleService-Info.plist"}},"dart":{"lib/firebase_options.dart":{"projectId":"babylon-89d49","configurations":{"android":"1:491485213731:android:070a350de513992c5ead96","ios":"1:491485213731:ios:dd9a3ce32ae1fb155ead96","web":"1:491485213731:web:c5c1397a0b243d535ead96"}}}}}}