{
  "project_info": {
    "project_number": "491485213731",
    "project_id": "babylon-89d49",
    "storage_bucket": "babylon-89d49.firebasestorage.app"
  },
  "client": [
    {
      "client_info": {
        "mobilesdk_app_id": "1:491485213731:android:070a350de513992c5ead96",
        "android_client_info": {
          "package_name": "com.babylon.app"
        }
      },
      "oauth_client": [],
      "api_key": [
        {
          "current_key": "AIzaSyBXUrsgoser1fQHPsecae4cgwkYkuRs29c"
        }
      ],
      "services": {
        "appinvite_service": {
          "other_platform_oauth_client": []
        }
      }
    }
  ],
  "configuration_version": "1"
}